averageNumTrans,year
11879.364041095891,2017
9291.7392694063929,2018
13673.932305936072,2019
12848.572831050229,2020
11163.978652968037,2021
10628.58196347032,2022
7428.03493150685,2023